<?xml version="1.0" ?>
<project name="CodeModel">
  <!--bannerLeft>
    <name>JAX-WS</name>
    <src>https://jaxb.dev.java.net/javaxml-duke.gif</src>
    <href>https://jax-ws.dev.java.net/</href>
  </bannerLeft-->

  <skin>
    <groupId>com.sun.enterprise.glassfish</groupId>
    <artifactId>maven-skin</artifactId>
    <version>1.0</version>
  </skin>

  <!--bannerRight>
    <src>https://jax-ws.dev.java.net/images/glassfish_logo.gif</src>
  </bannerRight-->
  <body>
    ${reports}
  </body>
</project>
